{
    "fit_L_nu_l_$X_c \\to D^0 p$_0": [
        0.4377998438880897,
        0.049780179192983484,
        0.3298631565829116,
        0.5127371646304524
    ],
    "fit_L_nu_l_$X_c \\to D^+ p \\pi^- $_0": [
        0.4427755554438922,
        0.04861993783807421,
        0.24279851977548358,
        0.35042608606385833
    ],
    "fit_L_nu_l_$X_c \\to D^{*0} p$_0": [
        0.20069024778467573,
        0.07403052109535398,
        0.2723997598512343,
        0.2521458519309793
    ],
    "fit_L_nu_l_$X_c \\to D^{*+} p \\pi^-$_0": [
        0.5142289839759984,
        0.046497551870160546,
        0.3731440549605792,
        0.3511528434499506
    ]
}