{
    "fit_L_nu_l_$X_c \\to D^0 p$_1": [
        0.5351617820223019,
        0.3717896835626143,
        0.1,
        0.034937197822008076,
        0.32978620277012716,
        0.3002143796622841,
        0.3313173513384995
    ],
    "fit_L_nu_l_$X_c \\to D^+ p \\pi^- $_1": [
        0.530398086612575,
        0.4701394629729096,
        0.06708073965866557,
        0.026637949317565333,
        0.30589270132676416,
        0.06997231662736061,
        0.20608782180156057
    ],
    "fit_L_nu_l_$X_c \\to D^{*0} p$_1": [
        0.29750407976709936,
        0.0,
        0.09731350576970586,
        0.0973609959172644,
        0.3244381255485948,
        0.22732729028667864,
        0.0
    ],
    "fit_L_nu_l_$X_c \\to D^{*+} p \\pi^-$_1": [
        0.45942734090730786,
        0.23372564302951432,
        0.08705223511906551,
        0.03142116505402814,
        0.25358285962232724,
        0.0013120212844583568,
        0.19763631768604245
    ]
}